Unnamed: 1,name,birth_year,death_year
correspondedWith,"Adams, Charles Follen",1842,1918
associatedWith,"Adams, John Davis",1860,1942
associatedWith,"Ade, George",1866,1944
associatedWith,Admiral Sir Clowdishley Shovell,,
associatedWith,"Alden, Henry Mills",1836,1919
correspondedWith,"Aldrich, Thomas Bailey",1836,1907
associatedWith,Alice Shaw,,
associatedWith,"Allen, Gay Wilson, 1903-",,
associatedWith,"Allen, Horace Newton",1858,1932
associatedWith,"Allen, Richard Stoughton.",,
associatedWith,"Allison, Young Ewing",1853,1932
associatedWith,Als.,,
associatedWith,"Anderson, Charles Roberts",1902,1999
associatedWith,"Anderson, Sherwood",1876,1941
associatedWith,"Andrae, William Cook",1894,1965
associatedWith,Andre Breton,,
associatedWith,"Andrews, Kenneth R. (Kenneth Richmond)",1916,2005
associatedWith,"Andrews, Kenneth",1916,2005
associatedWith,"Anthony, Charles, 1883-",,
associatedWith,"Armour, Alexander William.",,
associatedWith,"Arnold, William Harris",1854,1923
associatedWith,"Bacheller, Irving",1859,1950
associatedWith,"Bacon, Francis",1561,1626
associatedWith,"Bacon, Irving R. (Irving Ruben)",1875,1962
associatedWith,"Baetzhold, Howard G., 1923-",,
associatedWith,"Baldwin, William Wilberforce,",,
associatedWith,"Bangs, John Kendrick",1862,1922
associatedWith,"Barrett, Arabella, d. 1868.",,
associatedWith,"Barrows, Richard Lee, Mrs.",,
associatedWith,"Baxter, Sylvester",1850,1927
associatedWith,"Beach, Emma.",,
associatedWith,"Beals, Jessie Tarbox.",,
associatedWith,Beard Daniel,1850,1941
correspondedWith,"Beard, Daniel Carter",1850,1941
associatedWith,"Beckwith, J. Carroll (James Carroll)",1852,1917
associatedWith,"Bellamy, Edward",1850,1898
associatedWith,"Beloin, Edmund.",,
associatedWith,"Benjamin, Park",1809,1864
associatedWith,"Benjamin, Park",1849,1922
associatedWith,"Benson, Florence.",,
associatedWith,"Bigelow, Poultney, b. 1855.",,
associatedWith,"Billings, Josh",1818,1885
associatedWith,"Bixby, William K. (William Keeney)",1857,1931
associatedWith,"Blackmer, Margaret",,
associatedWith,"Blackmer, Margaret,",,
associatedWith,"Blakemore, Michael, 1928-",,
associatedWith,"Bland, Henry Meade",1863,1931
associatedWith,"Blathwayt, Raymond, 1855-",,
associatedWith,"Bless, Frank.",,
associatedWith,"Bliss Lane, Arthur, Mrs,",,
associatedWith,"Bliss, Elisha",1822,1880
associatedWith,"Bliss, Francis E. (Francis Edward).",,
associatedWith,"Bock, Jerry.",,
associatedWith,"Bok, Edward William",1863,1930
associatedWith,"Borgman, Albert Stephens",1890,1954
associatedWith,"Bowditch, Nancy Douglas.",,
associatedWith,"Bowen, Marjorie",1888,1952
associatedWith,"Bowen, William",1836,1893
associatedWith,"Bowker, Bessie S.",,
correspondedWith,"Boyd, Crosby Noyes, 1903-",,
associatedWith,"Boyesen, Hjalmar Hjorth",1848,1895
associatedWith,"Boyle, Virginia Frazer",1863,1938
associatedWith,"Brachmann, Elisabeth.",,
associatedWith,"Bradley, Sculley, 1897-",,
associatedWith,"Branch, Edgar Marquess, 1913-",,
associatedWith,"Brigham, Warren Luther",1846,1880
associatedWith,"Brown, Alexander Crosby, 1905-",,
associatedWith,"Brown, John George",1831,1913
associatedWith,"Brown, John.",,
associatedWith,"Brown, W. Dale.",,
associatedWith,"Brownlee, Anne Netta,",,
associatedWith,"Brush, Louis.",,
associatedWith,"Bryant, William Cullen",1794,1878
associatedWith,"Bryce, Lloyd Stephens",1851,1917
associatedWith,"Bryce, Lloyd",1851,1917
associatedWith,"Buckingham, S. G., 19th cent.",,
associatedWith,"Bulkely, H. G.",,
associatedWith,"Burdette, Robert J. (Robert Jones)",1844,1914
associatedWith,"Burlingame, Anson",1820,1870
associatedWith,"Burlingame, Edward L. (Edward Livermore)",1848,1922
associatedWith,"Burnett, Frances Hodgson",1849,1924
associatedWith,"Burnham, Barbara, musician.",,
associatedWith,"Burt, Elizabeth, b. 1839.",,
associatedWith,"Butler, Nicholas Murray",1862,1947
correspondedWith,"Bynner, Witter",1881,1968
associatedWith,"Cable, George Washington",1844,1925
associatedWith,"Cadman, Charles Wakefield",1881,1946
associatedWith,"Cady, Edwin Harrison.",,
associatedWith,"Cantwell, John Simon.",,
correspondedWith,"Carnegie, Andrew",1835,1919
associatedWith,"Carnegie, Andrew",1835,1919
associatedWith,"Centolella, Tom",,
associatedWith,"Chapin, Roy D. (Roy Dikeman)",1880,1936
associatedWith,"Chappell, Warren",1904,1991
associatedWith,"Chatto, Andrew",1841,1913
associatedWith,"Chatto, Andrew.",,
associatedWith,"Chittenden, Hiram Martin",1858,1917
associatedWith,"Church, Frederic Edwin",1826,1900
associatedWith,"Claggett, William H.,",,
associatedWith,"Clark, Mary Louise.",,
associatedWith,"Clark, Robert Sterling",1877,1956
associatedWith,"Clayton, Dick.",,
associatedWith,"Clemens, Clara",1874,1962
associatedWith,"Clemens, Clara.",,
associatedWith,"Clemens, Cyril",1902,1999
associatedWith,"Clemens, Jane Lampton",1880,1909
associatedWith,"Clemens, Langdon",,
associatedWith,"Clemens, Mollie",1834,1904
associatedWith,"Clemens, Olivia Langdon",1845,1904
spouseOf,"Clemens, Olivia Langdon",1845,1904
associatedWith,"Clemens, Olivia S",1872,1896
associatedWith,"Clemens, Olivia Susan",1872,1898
associatedWith,"Clemens, Orion",1825,1897
associatedWith,"Clemens, Orion",1825,1897
associatedWith,"Clemens, Samuel Langhorne",1835,1910
associatedWith,"Clemens, Samuel Langhorne",1835,1910
associatedWith,"Clemens, Susy",1872,1896
associatedWith,"Cleveland, Grover",1837,1908
associatedWith,"Clinedinst, B. West (Benjamin West)",1860,1931
correspondedWith,"Colcord, M. B.",,
associatedWith,"Colet, Louise",,
associatedWith,"Collins, Billy",,
associatedWith,"Collins, Patrick Andrew",1844,1905
associatedWith,"Condol, Leon Washington",,
associatedWith,"Condol, Leon Washington, 1887-",,
associatedWith,"Conigrave, C. Price (Charles Price)",,
associatedWith,"Conrad, Joseph",1857,1924
associatedWith,"Conselman, William",1896,1940
associatedWith,"Conway, Moncure Daniel",1832,1907
associatedWith,"Cooke, John Esten",1830,1886
associatedWith,"Copley, James S. (James Strohn),",,
associatedWith,"Corelli, Marie",1855,1924
associatedWith,"Cox, Antoinette Cable, b. 1842.",,
correspondedWith,"Daly, Augustin",1838,1899
associatedWith,"Daly, Augustin",1838,1899
associatedWith,"Dana, Charles A. (Charles Anderson)",1819,1897
associatedWith,"Dannay, Frederic",1905,1982
associatedWith,"Daugherty, Charles Michael, 1914-",,
associatedWith,"Davis, Arthur Kyle",1867,1953
associatedWith,"Davis, Caleb Forbes",1829,1898
associatedWith,"Davis, Richard Harding",1864,1916
associatedWith,"Davis, Sam P. (Sam Post)",1850,1918
associatedWith,"De Quille, Dan",1829,1898
associatedWith,"De Voto, Bernard Augustine",1897,1955
associatedWith,"Dean, William B. (William Blake)",1838,1922
associatedWith,"Dean, William John",1870,1941
correspondedWith,"Dellenbaugh, Frederick Samuel",1853,1935
associatedWith,"DeMerritt, John",,
associatedWith,"Densmore, Verva L.",,
associatedWith,"Depew, Chauncey M. (Chauncey Mitchell)",1834,1928
associatedWith,"Derham, Milo G",1868,1949
associatedWith,"Derr, Ellwood.",,
associatedWith,"DeVoto, Bernard Augustine",1897,1955
correspondedWith,"Dickinson, Anna E. (Anna Elizabeth)",1842,1932
associatedWith,"Dodge, Mrs.,",,
associatedWith,"Doheny, Estelle",1875,1958
associatedWith,"Doubleday, Frank Nelson",1862,1934
associatedWith,"Douglass, Frederick",1818,1895
associatedWith,"Douglass, Jane,",,
associatedWith,"Drury, Wells",1851,1932
associatedWith,"Duchein, Annie, b. ca. 1872.",,
associatedWith,"Duckett, Margaret, 1906-",,
associatedWith,"Duneka, Frederick A., d. 1919,",,
associatedWith,"Duneka, Frederick A., d. 1919.",,
associatedWith,"Earhart, Amelia",,
associatedWith,"Edison, Thomas A. (Thomas Alva)",1847,1931
associatedWith,"Edouart, Alexander",1818,1892
associatedWith,"Ellsworth, William Webster",1855,1936
correspondedWith,"Emerson, Ralph Waldo",1803,1882
associatedWith,"Evans, E. P. (Edward Payson)",1831,1917
associatedWith,"Evans, Kathy",,
associatedWith,"Fairbanks, Charles Mason, b. 1855,",,
associatedWith,"Fairbanks, Mary Mason,",,
associatedWith,"Fairbanks, Mary Mason",1828,1898
associatedWith,"Fairbanks, Mary Mason.",,
associatedWith,"Fairchild, Charles, Mrs,",,
associatedWith,"Faulkner, Barry",1881,1966
associatedWith,"Ferguson, Henry",1848,1917
correspondedWith,"Field, Stephen Johnson",1816,1899
associatedWith,"Fischer, Henry W. (Henry William)",1856,1932
associatedWith,"Fiske, Albert Rantoul.",,
associatedWith,"Fitzgerald, F. Scott (Francis Scott)",1896,1940
associatedWith,"Flaubert, Gustave",,
correspondedWith,"Flower, C. E. (Charles Edward)",1830,1892
associatedWith,"Foley, Donald L.",,
associatedWith,"Foley, Katharine",,
associatedWith,"Forbes, W. Cameron (William Cameron)",1870,1959
associatedWith,"Forsslund, Louise.",,
associatedWith,"Foster, Ernest Moore",1881,1955
associatedWith,"Foster, Florida Hale",,
associatedWith,"Foster, Virginia",,
associatedWith,"Frazer, Laura Hawkins",,
associatedWith,"Freeman, Zoheth S.",,
associatedWith,"Frohman, Charles",1860,1915
associatedWith,"Frohman, Daniel",1851,1940
correspondedWith,"Frohman, Daniel",1851,1940
associatedWith,"Frost, A. B. (Arthur Burdett)",1851,1928
associatedWith,"Fuller, Frank .1827 -?",,
associatedWith,"Fuller, Frank",1868,1946
associatedWith,"Fuller, Frank, b. 1827.",,
associatedWith,"Fuller, Frank.",,
associatedWith,"Fuller, Franklin",,
associatedWith,"Fuller, Franklin.",,
associatedWith,"Gable, William F",1856,1921
associatedWith,"Gabrilowitsch, Nina Clemens",1910,1966
associatedWith,"Gabrilowitsch, Ossip",1878,1936
associatedWith,"Galsworthy, John",1867,1933
associatedWith,"Garfield, James A. (James Abram)",1831,1881
associatedWith,"Garwick, Joseph Daniel.",,
associatedWith,"Gerhardt, Karl, b. 1853.",,
associatedWith,"Gerhardt, Karl.",,
associatedWith,"Gibson, Jay Hollis.",,
associatedWith,"Gilder, Helena de Kay, d. 1916.",,
associatedWith,"Gilder, Richard Watson",1844,1909
correspondedWith,"Gilder, Richard Watson",1844,1909
associatedWith,"Gillette, William",1853,1937
associatedWith,"Gohdes, Clarence, 1901",,
associatedWith,"Goodman, Joseph T",1838,1917
associatedWith,"Gordon, Hilda H.,",,
associatedWith,"Grant, Ulysses S. (Ulysses Simpson)",1822,1885
associatedWith,"Gray, David",1870,1968
associatedWith,"Greeley, Horace",1811,1872
associatedWith,"Greeley, Horace",1811,1872
associatedWith,"Greene, Belle da Costa.",,
associatedWith,"Gribbel, John,",,
associatedWith,"Griswold, Alphonse M., 1834 -?",,
associatedWith,"Gross, Magnus, ca",1857,1955
associatedWith,"Groth, John",1908,1988
associatedWith,"Guare, John.",,
associatedWith,"Hale, Edward Everett",1822,1909
associatedWith,"Hall, Edwin Trowbridge.",,
associatedWith,"Hall, Fred J.",,
associatedWith,"Hall, Frederick J.",,
associatedWith,"Hamon, Louis (Cheiro)",1872,1896
associatedWith,"Hapgood, Charles H.",,
associatedWith,"Hapgood, Norman",1868,1937
associatedWith,"Harding, Dorothy Sturgis",1891,1978
associatedWith,"Harison, Leonard,",,
associatedWith,"Harkness, Edward Stephen",1874,1940
associatedWith,"Harkness, Edward Stephen",1874,1940
associatedWith,"Harper, J. Henry (Joseph Henry)",1850,1938
associatedWith,"Harper, Joseph Henry.",,
associatedWith,"Harper, Joseph W.",,
correspondedWith,"Harris, Joel Chandler",1848,1908
associatedWith,"Harris, Joel Chandler",1848,1908
associatedWith,"Harrison, K. I.",,
associatedWith,"Hart, J. M. (James Morgan)",1839,1916
associatedWith,"Hart, John S. (John Seely)",1810,1877
associatedWith,"Harte, Bret",1836,1902
associatedWith,"Harte, Bret",1836,1902
associatedWith,"Harvey, George Brinton McClellan",1864,1928
associatedWith,"Hatfield, J. T.,",,
associatedWith,"Hawks, Stanley, Mrs,",,
associatedWith,"Hay, John",1838,1905
associatedWith,"Heine, Heinrich",1797,1856
associatedWith,"Henderson, DuBose",1885,1940
associatedWith,"Henderson, W. E.",,
associatedWith,"Hersey, Mark Leslie",1864,1934
associatedWith,"Higbie, Calvin H., d. 1914.",,
associatedWith,"Higginson, Margaret Waldo.",,
associatedWith,"Higginson, Mary Channing.",,
associatedWith,"Higginson, Thomas Wentworth",1823,1911
associatedWith,"Hill, Edwin Bliss",1866,1949
associatedWith,"Hill, Herbert E.",,
associatedWith,"Hirst, Robert H.,",,
associatedWith,"Hobson, Charles",,
associatedWith,"Hobson, Charles, 1943-",,
associatedWith,"Holbrook, Emma.",,
associatedWith,"Holbrook, Hal.",,
associatedWith,"Holcombe, R. I. (Return Ira)",1845,1916
associatedWith,"Holland, J. G. (Josiah Gilbert)",1819,1881
associatedWith,"Holmes, Harold C.",,
associatedWith,"Holmes, Oliver Wendell",1809,1894
associatedWith,Honor√© de Balzac,,
correspondedWith,"Hosmer, H. L. (Hezekiah Lord)",1814,1893
associatedWith,Houghton Library.,,
associatedWith,"Houghton, Henry Oscar",1823,1895
associatedWith,"House, Edward Howard",1836,1901
associatedWith,"Housman, A. E. (Alfred Edward)",1859,1936
correspondedWith,"Howe, E. W. (Edgar Watson)",1853,1937
associatedWith,"Howe, E. W. (Edgar Watson)",1853,1937
correspondedWith,"Howe, M. A. De Wolfe (Mark Antony De Wolfe)",1864,1960
associatedWith,"Howe, W. T. H. (William Thomas Hildrup).",,
associatedWith,"Howe, Will David",1873,1946
associatedWith,"Howells, John Mead",1868,1959
associatedWith,"Howells, William Dean",1837,1920
correspondedWith,"Hubner, Charles W. (Charles William)",1835,1929
associatedWith,"Hughes, Robert M. (Robert Morton), b. 1855.",,
correspondedWith,"Ingersoll, Robert Green",1833,1899
associatedWith,"Irvine, Alexander",1863,1941
associatedWith,"Ives, David.",,
associatedWith,J. M. (James Morgan) Hart,1839,1916
associatedWith,"Jacobs, Ward.",,
correspondedWith,"James, William",1842,1910
associatedWith,"Jennings, John Joseph",1853,1909
correspondedWith,"Jennings, Louis J. (Louis John)",1836,1893
associatedWith,JESSIE TARBOX BEALS,1870,1942
associatedWith,"Joan, of Arc, Saint",1412,1431
associatedWith,John DeMerritt,,
associatedWith,"Johnson, Lockrem",1924,1977
associatedWith,"Johnson, Merle De Vore",1874,1935
associatedWith,"Johnson, Robert Underwood",1853,1937
associatedWith,"Johnson, Rossiter",1840,1931
associatedWith,"Johnston, Joseph E. (Joseph Eggleston)",1807,1891
associatedWith,"Jordan, Elizabeth Garver",1867,1947
associatedWith,"Kay, Ulysses",1917,1995
associatedWith,"Keller, Helen",1880,1968
associatedWith,"Kemble, E. W. (Edward Windsor)",1861,1933
associatedWith,"Kennelly, Barabara B.",,
associatedWith,"Kern, Jerome",1885,1945
associatedWith,"King, Grace Elizabeth",1852,1932
associatedWith,"Kingsley, Charles",1819,1875
associatedWith,"Kipling, Rudyard",1865,1936
correspondedWith,"Kling, Flora Gardner.",,
associatedWith,"Knight, William Angus",1836,1916
associatedWith,"Kornfeld, Robert.",,
associatedWith,"Kredel, Fritz",1900,1973
associatedWith,"Lagowitz, Harriet L., fl",1877,1890
associatedWith,"Lamont, Frances Kent",1899,1975
associatedWith,"Lampton, Kate C., b. 1856,",,
associatedWith,"Landon, Harold M., Mrs,",,
associatedWith,"Landon, Melville D. (Melville De Lancey)",1839,1910
associatedWith,"Langdon, Charles Jervis",1849,1916
associatedWith,"Langdon, Ida",1880,1964
associatedWith,"Langdon, Jervis,",,
associatedWith,"Langdon, Livy.",,
associatedWith,"Langdon, Olivia Lewis",1810,1890
associatedWith,"Langford, Nettie Clemens, 1896-",,
associatedWith,"Lark, Charles Tressler",1876,1946
associatedWith,"Larkin, J. E. (John Edward)",1836,1924
associatedWith,"Larned, J. N. (Josephus Nelson)",1836,1913
associatedWith,"Lathrop, George Parsons",1851,1898
associatedWith,"Leacock, Stephen",1869,1944
associatedWith,"Leary, Lewis Gaston, 1906-",,
associatedWith,"Lee, Fitzhugh",1835,1905
associatedWith,"Lee, Henry.",,
associatedWith,"Leeming, Thomas L.,",,
associatedWith,Leonard Verbarg,,
associatedWith,"Leonard, Elizabeth F.",,
associatedWith,"Leslie, Elsie,",,
associatedWith,"Levy, Harriet Lane",,
associatedWith,"Levy, Helen F.,",,
associatedWith,"Lincoln, Abraham",1809,1865
associatedWith,"Lindau, Rudolf",1829,1910
associatedWith,"Lindegard, Axel.",,
associatedWith,"Lindenfeld, Harris.",,
associatedWith,"Lissauer, Arthur Wilmer,",,
associatedWith,"Littlewood, Walter, Mrs.",,
associatedWith,Livy Clements,,
associatedWith,"Lloyd, John William.",,
associatedWith,"Locke, David Ross",1833,1888
correspondedWith,"Long, E. B. (Everette Beach)",1919,1981
associatedWith,"Lopez, Barry",,
associatedWith,"Lorch, Fred W. (Frederick William)",1893,1967
associatedWith,"Loring, Rosamund B. (Rosamond Bowditch)",1889,1950
associatedWith,"Lounsbury, Thomas Raynesford",1838,1915
associatedWith,"Lucas, E. V. (Edward Verrall)",1868,1938
associatedWith,"Lyde, Elsie Leslie, (Mrs. Edwin Milliken)",1881,1966
associatedWith,"Lyon, Isabel",1863,1958
associatedWith,"Lyon, Isabel",1863,1958
associatedWith,"Lyon, Isael.",,
associatedWith,"Mabbott, Thomas Ollive",1898,1968
associatedWith,"MacAlister, John Young Walker, Sir",1856,1925
associatedWith,"Machen, Arthur",1863,1947
associatedWith,"Mack, Effie Mona.",,
associatedWith,"Mack, Florence,",,
associatedWith,"Mackintosh, Henry S., recipient.",,
correspondedWith,"Mann, Charmetta",,
associatedWith,"Mann, Charmetta",,
associatedWith,"Mansfield, Gideon M.",,
associatedWith,Marcus Alonzo Hanna,,
associatedWith,Mark Twain,,
associatedWith,"Markham, Edwin",1852,1940
correspondedWith,"Martin, Edward Sanford",1856,1939
associatedWith,"Mason, Caroline Atherton (Briggs)",1823,1890
associatedWith,"Matthews, Brander",1852,1929
associatedWith,"Mayo, Frank",1839,1896
associatedWith,"McClure, S. S. (Samuel Sidney)",1857,1949
associatedWith,"McCord, James H.",,
correspondedWith,"McCrary, George Washington",1835,1890
associatedWith,"McKelway, St. Clair",1845,1915
associatedWith,"Mead, Larkin G. (Larkin Goldsmith)",1835,1910
associatedWith,"Medill, S. J.",,
associatedWith,"Meissner, George N",1872,1960
associatedWith,"Mekeel, Joyce.",,
associatedWith,"Mendleson, Alan Norman",,
associatedWith,"Mendleson, Alan Norman,",,
associatedWith,"Merrick, George Byron.",,
associatedWith,"Merrill, Bradford.",,
associatedWith,"Miller, Joaquin",1837,1913
associatedWith,"Miller, Roger",1936,1992
associatedWith,"Mills, Abraham Gilbert",1844,1929
associatedWith,"Mills, Abraham Gilbert",1844,1929
associatedWith,"Milton, John",1608,1674
associatedWith,"Moffett, Pamela Ann",1827,1904
associatedWith,"Moffett, Samuel E. (Samuel Erasmus)",1860,1908
associatedWith,"Monahan, Michael",1865,1933
associatedWith,"Montagu, Percy,",,
associatedWith,"Mora, F. Luis (Francis Luis)",1874,1940
associatedWith,"Morgan, J. P. (John Pierpont)",1867,1943
associatedWith,"Morgan, J. Pierpont (John Pierpont)",1837,1913
associatedWith,"Morland, Captain, fl. 1872,",,
associatedWith,"Morley, Christopher",1890,1957
associatedWith,"Morris, Mary Pamelia Felt",1848,1924
associatedWith,"Morse, Milton H., 1845-",,
associatedWith,"Moser, Barry.",,
associatedWith,"Moulton, Louise Chandler",1835,1908
associatedWith,"Mulvey, Daniel Terrance.",,
associatedWith,"Muybridge, Eadweard",1830,1904
associatedWith,"Nast, Thomas",1840,1902
associatedWith,"Nathan, Alfred,",,
associatedWith,"Norton, Charles Eliot",1827,1908
associatedWith,"Nye, Bill",1850,1896
associatedWith,"Nye, James Warren",1815,1876
associatedWith,"Ogden, Augusta M. D.",,
associatedWith,"Oliver, Harold, 1942-",,
correspondedWith,"Onderdonk, William Holmes,",,
associatedWith,"Ordway, Edward Warren, 1864-",,
associatedWith,"Osgood, James R.",,
associatedWith,"Osgood, James R. (James Ripley)",1836,1892
associatedWith,"Owens, William A., 1905-",,
associatedWith,"Page, Thomas Nelson",1853,1922
associatedWith,"Paine, Albert Bigelow",1861,1937
associatedWith,"Parker, Edwin Pond",1836,1920
associatedWith,"Parker, Edwin Pond",1836,1920
associatedWith,"Parsons, Coleman O., 1905-",,
associatedWith,"Parsons, Frank",1854,1908
associatedWith,"Pattee, Fred Lewis",1863,1950
associatedWith,"Pearmain, William Robert",1888,1912
associatedWith,"Perkins, Enid Eder",1896,1973
associatedWith,"Perkins, George C. (George Clement)",1839,1923
associatedWith,"Perry, Bliss",1860,1954
associatedWith,"Perry, Bliss",1860,1954
associatedWith,"Perske, Martha",,
associatedWith,"Phelps, William Lyon",1865,1943
correspondedWith,"Phelps, William Walter",1839,1894
associatedWith,"Phillips, Hester,",,
associatedWith,"Plaut, Edward,",,
associatedWith,"Polk, Asa D. (Asa Davis)",1850,1940
associatedWith,"Pond, James B. (James Burton)",1838,1903
associatedWith,"Pond, Ozias W",,
associatedWith,"Pond, Ozias W.",,
associatedWith,"Porter, Horace",1837,1921
associatedWith,"Powers, Levi Moore.",,
associatedWith,"Powys, John Cowper",1872,1963
associatedWith,"Putnam, George Haven",1844,1930
associatedWith,"Quick, Dorothy",1900,1962
associatedWith,"Quintard, Edward",1867,1936
associatedWith,"Raleigh, Walter Alexander, Sir",1861,1922
associatedWith,"Ramey, Beatrix Gross,",,
associatedWith,"Ray, Gordon Norton, 1915-",,
associatedWith,"Raymond, John T",1836,1887
associatedWith,"Reade, Charles",1814,1884
associatedWith,"Redpath, James",1833,1891
associatedWith,"Redpath, James",1833,1891
associatedWith,"Reid, Robert",1862,1929
associatedWith,"Reid, Whitelaw",1837,1912
associatedWith,"Remington, Frederic",1861,1909
associatedWith,"Richards, P., fl. 1914.",,
associatedWith,"Richardson, Abby Sage",1837,1900
associatedWith,"Rideing, William H. (William Henry)",1853,1918
associatedWith,"Riley, James Whitcomb",1849,1916
associatedWith,"Rivington, Tom.",,
associatedWith,Robert Morton Hughes,,
associatedWith,"Robinson, Mary Paine Fairbanks, 1856-,",,
associatedWith,"Roche, James Jeffrey",1847,1908
associatedWith,"Rodgers, Richard",1902,1979
associatedWith,"Rodman, John Stuart, Mrs.,",,
associatedWith,"Rogers, Henry Huddleston",1879,1935
associatedWith,"Rogers, Henry Huttleston",1840,1909
associatedWith,"Rogers, Henry Huttleston",1840,1909
associatedWith,"Rogers, Henry Munroe",1839,1937
associatedWith,"Rogers, Henry Munroe",1839,1937
associatedWith,"Rogers, John Carr, d. 1979.",,
associatedWith,"Rogers, Mary Benjamin.",,
associatedWith,"Rogers, W. A. (William Allen)",1854,1931
associatedWith,"Rohr, Lorenz, fl. 1884,",,
associatedWith,"Rollins, Clinton",1844,1933
associatedWith,"Rolph, John G., Mrs,",,
associatedWith,"Roosevelt, Theodore",1858,1919
associatedWith,"Roosevelt, Theodore",1858,1919
associatedWith,"Rudin, Stephen,",,
associatedWith,"Ruebush, Joseph K",1878,1963
associatedWith,"Sabath, Bernard.",,
associatedWith,"Sage, Henry W. (Henry Williams)",1814,1897
associatedWith,"Sauguet, Henri",1901,1989
associatedWith,"Schaffner, Joseph Halle",1897,1972
associatedWith,"Schlitz, Don.",,
associatedWith,"Scotson-Clark, G. F. (George Frederick)",1872,1927
associatedWith,"Scudder, Horace Elisha",1838,1902
associatedWith,"Seaver, Romaine W",,
associatedWith,"Seaver, Romaine W.",,
associatedWith,"Seaver, William A.",,
associatedWith,"Seitz, Don C. (Don Carlos)",1862,1935
associatedWith,"Sellers, Isaiah, Capt., ca",1802,1864
associatedWith,"Sembrich, Marcella",1858,1935
associatedWith,"Severance, Emily Allen",1840,1921
associatedWith,"Shakespeare, William",1564,1616
associatedWith,"Shaw, Alice",,
associatedWith,"Shaw, Bernard",1856,1950
associatedWith,"Shepard, Frederick Job",1850,1934
associatedWith,"Sherman, P. Tecumseh (Philemon Tecumseh)",1867,1941
associatedWith,"Sherman, Robert B.",,
associatedWith,"Sherman, Thomas Ewing",1856,1933
associatedWith,"Shinn, Milicent Washburn",1858,1940
associatedWith,"Shinn, Q. H. (Quillen Hamilton)",1845,1907
associatedWith,"Shirley, Betsy Beinecke.",,
associatedWith,"Shumate, Albert,",,
associatedWith,"Simpleton, H.",,
associatedWith,Sir Arthur Sullivan,,
associatedWith,"Smith, Grant H. (Grant Horace)",1865,1944
associatedWith,"Smith, Henry Nash",,
associatedWith,"Smith, Henry Nash",1906,1986
associatedWith,"Smith, Joseph Lindon",1863,1950
associatedWith,"Spalding, Percy",,
associatedWith,"Spalding, Percy.",,
associatedWith,"Spear, S. Lewis B., b. 1834.",,
associatedWith,"Spofford, Ainsworth Rand",1825,1908
associatedWith,"Spring, Rebecca.",,
associatedWith,"Stedman, Edmund Clarence",1833,1908
associatedWith,"Stevenson, Robert Louis",1850,1894
associatedWith,"Stoddard, Charles Warren",1843,1909
associatedWith,"Stoker, Bram",1847,1912
associatedWith,"Stone, Melville Elijah",1848,1929
associatedWith,"Stuart, Flora Cooke.",,
associatedWith,"Sturgis, Dorothy.",,
associatedWith,"Styron, William",,
associatedWith,"Sullivan, Arthur, Sir",1842,1900
associatedWith,"Sutro, Adolph",1830,1898
associatedWith,"Sutro, Adolph",1830,1898
associatedWith,"Taverner, Margaret B.",,
associatedWith,"Taylor, Robert H.,",,
associatedWith,"Teller, Charlotte, b. 1876",,
associatedWith,"Teller, Charlotte.",,
associatedWith,"Terhune, Albert Payson",1872,1942
associatedWith,"Terry, Seth Sprague",1862,1932
associatedWith,"Tesla, Nikola",1856,1943
associatedWith,"Thayer, Abbott Handerson",1849,1921
associatedWith,"Thayer, Emeline Beach",1850,1924
associatedWith,"Thomas, Charles W., 1852-",,
associatedWith,"Thompson, Samuel Chalmers, b. 1848.",,
associatedWith,"Thulstrup, Thure de",1848,1930
associatedWith,"Ticknor, Benjamin Holt",1842,1914
associatedWith,"Tietjens, Eunice",1884,1944
associatedWith,"Tisdall, Charles E., 1822?-1905.",,
correspondedWith,"Toole, John Lawrence",1830,1906
associatedWith,"Townsend, Belton O'Neall.",,
associatedWith,"Trilling, Louis Robert",1899,1969
associatedWith,"Trowbridge, J. T. (John Townsend)",1827,1916
associatedWith,"Trowbridge, J. T. (John Townsend)",1827,1916
associatedWith,"Trumbull, J. Hammond (James Hammond)",1821,1897
associatedWith,"Twain, Mark",1835,1910
associatedWith,"Twain, Mark",1835,1910
associatedWith,"Twain, Mark",1838,1910
associatedWith,"Twichell, Joseph Hopkins",1838,1918
associatedWith,"Underhill, Charles M.",,
associatedWith,"Underhill, Irving S",1866,1937
associatedWith,"Van der Weyde, William M",1870,1929
associatedWith,"Van Dyke, John Charles",1856,1932
associatedWith,"Vaughan, George.",,
associatedWith,"Venable, Dolores Cameron.",,
associatedWith,"Wales, Edward Howe",1856,1922
associatedWith,"Walker, Franklin",1900,1978
associatedWith,"Walker, George Leon",1830,1900
associatedWith,"Walker, Harry,",,
associatedWith,"Wall, Elizabeth Baskerville.",,
associatedWith,"Wallace, Elizabeth",1865,1960
associatedWith,"Walpole, Hugh, Sir",1884,1941
associatedWith,"Walsh, Townsend",,
associatedWith,"Warner, Charles Dudley",1829,1900
associatedWith,"Warner, Elisabeth Gillette",1838,1915
associatedWith,"Warner, George H",1833,1919
associatedWith,"Watson, Charles W. (Charles White)",1841,1917
associatedWith,"Watterson, Henry",1840,1921
associatedWith,"Weaver, John V. A. (John Van Alstyne)",1893,1938
associatedWith,"Webb, Charles Henry",1834,1905
associatedWith,"Webster, Annie Moffett",1852,1950
associatedWith,"Webster, Charles L",1851,1891
associatedWith,"Webster, Jean",1876,1916
associatedWith,"Wecter, Dixon",1906,1950
associatedWith,"Weinert, Albert",1863,1937
associatedWith,"Whitaker, William Asbury",1883,1960
associatedWith,"White, Franklin Marshall, fl. 1897,",,
associatedWith,"Whitman, Walt",1819,1892
associatedWith,"Whitman, Walt",1819,1892
associatedWith,"Whitmore, Franklin G.,",,
associatedWith,"Whitney, William Dwight",1827,1894
associatedWith,"Wiggin, Kate Douglas Smith",1856,1923
associatedWith,"Wilber, Dora Prentice.",,
associatedWith,"Wilbur, Richard",,
associatedWith,"Wilcox, Ella Wheeler",1850,1919
correspondedWith,"Williams, Walter",1864,1935
associatedWith,"Wilson, Woodrow",1856,1924
associatedWith,"Wimberly, Lowry Charles, 1890-",,
correspondedWith,"Winter, William",1836,1917
associatedWith,"Winter, William",1836,1917
associatedWith,"Winters, Yvor",1900,1968
associatedWith,"Winzer, Frances N.",,
associatedWith,"Wood, Charles Erskine Scott",1852,1944
associatedWith,Woodrow Wilson.,,
associatedWith,"Woolley, Mary Emma",1863,1947
correspondedWith,"Wylie, Lollie Belle.",,
associatedWith,"Yevtushenko, Yevgeny",,
correspondedWith,"Young, John Russell",1840,1899
associatedWith,"Young, Owen D",1874,1962
associatedWith,"Young, Percy Marshall, 1912-",,